Country,Metric,Metric_Value,Latitude,Longitude
Afghanistan,Alcohol use disorders,339.8904,33.93911,67.709953
Albania,Alcohol use disorders,1852.807496,41.153332,20.168331
Algeria,Alcohol use disorders,438.0991168,28.033886,1.659626
Angola,Alcohol use disorders,804.6918484,-11.202692,17.873887
Argentina,Alcohol use disorders,2252.042994,-38.416097,-63.616672
Armenia,Alcohol use disorders,2254.116195,40.069099,45.038189
Australia,Alcohol use disorders,2011.628925,-25.274398,133.775136
Austria,Alcohol use disorders,2860.15901,47.516231,14.550072
Azerbaijan,Alcohol use disorders,2912.051837,40.143105,47.576927
Bangladesh,Alcohol use disorders,1153.051853,23.684994,90.356331
Belarus,Alcohol use disorders,3300.516487,53.709807,27.953389
Belgium,Alcohol use disorders,2466.975237,50.503887,4.469936
Belize,Alcohol use disorders,1498.593707,17.189877,-88.49765
Benin,Alcohol use disorders,406.7732989,9.30769,2.315834
Bhutan,Alcohol use disorders,2393.282177,27.514162,90.433601
Bolivia,Alcohol use disorders,,-16.290154,-63.588653
Bosnia and Herzegovina,Alcohol use disorders,2350.694025,43.915886,17.679076
Botswana,Alcohol use disorders,1936.401714,-22.328474,24.684866
Brazil,Alcohol use disorders,3157.591698,-14.235004,-51.92528
Brunei,Alcohol use disorders,1048.245306,4.535277,114.727669
Bulgaria,Alcohol use disorders,2046.380132,42.733883,25.48583
Burkina Faso,Alcohol use disorders,411.2137415,12.238333,-1.561593
Burundi,Alcohol use disorders,1048.000898,-3.373056,29.918886
Cambodia,Alcohol use disorders,774.5641407,12.565679,104.990963
Cameroon,Alcohol use disorders,453.6877494,7.369722,12.354722
Canada,Alcohol use disorders,1885.294883,56.130366,-106.346771
Central African Republic,Alcohol use disorders,887.5113991,6.611111,20.939444
Chad,Alcohol use disorders,334.9193477,15.454166,18.732207
Chile,Alcohol use disorders,2914.683112,-35.675147,-71.542969
China,Alcohol use disorders,1462.156718,35.86166,104.195397
Colombia,Alcohol use disorders,2260.268074,4.570868,-74.297333
Costa Rica,Alcohol use disorders,1989.526727,9.748917,-83.753428
Croatia,Alcohol use disorders,2599.957878,45.1,15.2
Cuba,Alcohol use disorders,1734.71596,21.521757,-77.781167
Cyprus,Alcohol use disorders,1866.341984,35.126413,33.429859
Czech Republic,Alcohol use disorders,2627.995978,49.817492,15.472962
Democratic Republic of the Congo,Alcohol use disorders,817.5404745,-4.038333,21.758664
Denmark,Alcohol use disorders,3189.001417,56.26392,9.501785
Djibouti,Alcohol use disorders,1291.438225,11.825138,42.590275
Dominican Republic,Alcohol use disorders,1326.537734,18.735693,-70.162651
East Timor,Alcohol use disorders,602.742203,-8.874217,125.727539
Ecuador,Alcohol use disorders,961.8598106,-1.831239,-78.183406
Egypt,Alcohol use disorders,391.7129077,26.820553,30.802498
El Salvador,Alcohol use disorders,3551.696417,13.794185,-88.89653
Equatorial Guinea,Alcohol use disorders,961.4680461,1.650801,10.267895
Eritrea,Alcohol use disorders,1370.439958,15.179384,39.782334
Estonia,Alcohol use disorders,2109.703841,58.595272,25.013607
Ethiopia,Alcohol use disorders,1989.536727,9.145,40.489673
Fiji,Alcohol use disorders,603.9227849,-16.578193,179.414413
Finland,Alcohol use disorders,2395.414478,61.92411,25.748151
France,Alcohol use disorders,2117.996621,46.227638,2.213749
Gabon,Alcohol use disorders,1101.55903,-0.803689,11.609444
Gambia,Alcohol use disorders,412.5564167,13.443182,-15.310139
Georgia,Alcohol use disorders,2408.772931,42.315407,43.356892
Germany,Alcohol use disorders,2260.315742,51.165691,10.451526
Ghana,Alcohol use disorders,492.2889179,7.946527,-1.023194
Greece,Alcohol use disorders,1611.272734,39.074208,21.824312
Greenland,Alcohol use disorders,3836.621961,71.706936,-42.604303
Guatemala,Alcohol use disorders,3129.056257,15.783471,-90.230759
Guinea,Alcohol use disorders,379.1660603,9.945587,-9.696645
Guinea Bissau,Alcohol use disorders,,11.803749,-15.180413
Guyana,Alcohol use disorders,1901.309014,4.860416,-58.93018
Haiti,Alcohol use disorders,1320.568889,18.971187,-72.285215
Honduras,Alcohol use disorders,2061.403898,15.199999,-86.241905
Hungary,Alcohol use disorders,2682.604973,47.162494,19.503304
Iceland,Alcohol use disorders,2254.38945,64.963051,-19.020835
India,Alcohol use disorders,1142.503277,20.593684,78.96288
Indonesia,Alcohol use disorders,522.5098002,-0.789275,113.921327
Iran,Alcohol use disorders,352.3957728,32.427908,53.688046
Iraq,Alcohol use disorders,405.4541546,33.223191,43.679291
Ireland,Alcohol use disorders,3347.656252,53.41291,-8.24389
Israel,Alcohol use disorders,843.0233499,31.046051,34.851612
Italy,Alcohol use disorders,1496.456934,41.87194,12.56738
Ivory Coast,Alcohol use disorders,451.6355801,7.539989,-5.54708
Jamaica,Alcohol use disorders,1155.679708,18.109581,-77.297508
Japan,Alcohol use disorders,648.5820771,36.204824,138.252924
Jordan,Alcohol use disorders,413.3490725,30.585164,36.238414
Kazakhstan,Alcohol use disorders,3744.07194,48.019573,66.923684
Kenya,Alcohol use disorders,600.1666883,-0.023559,37.906193
Kuwait,Alcohol use disorders,502.1567047,29.31166,47.481766
Kyrgyzstan,Alcohol use disorders,2908.828444,41.20438,74.766098
Laos,Alcohol use disorders,829.2846935,19.85627,102.495496
Latvia,Alcohol use disorders,2668.464225,56.879635,24.603189
Lebanon,Alcohol use disorders,435.2072131,33.854721,35.862285
Lesotho,Alcohol use disorders,2007.580662,-29.609988,28.233608
Liberia,Alcohol use disorders,439.2429876,6.428055,-9.429499
Libya,Alcohol use disorders,498.8368582,26.3351,17.228331
Lithuania,Alcohol use disorders,2520.387705,55.169438,23.881275
Luxembourg,Alcohol use disorders,2617.786189,49.815273,6.129583
Macedonia,Alcohol use disorders,2065.693893,41.608635,21.745275
Madagascar,Alcohol use disorders,1087.109803,-18.766947,46.869107
Malawi,Alcohol use disorders,1116.669263,-13.254308,34.301525
Malaysia,Alcohol use disorders,560.4305888,4.210484,101.975766
Mali,Alcohol use disorders,,17.570692,-3.996166
Mauritania,Alcohol use disorders,369.6185879,21.00789,-10.940835
Mexico,Alcohol use disorders,1363.265463,23.634501,-102.552784
Moldova,Alcohol use disorders,2408.724925,47.411631,28.369885
Mongolia,Alcohol use disorders,4526.174036,46.862496,103.846656
Montenegro,Alcohol use disorders,2126.658976,42.708678,19.37439
Morocco,Alcohol use disorders,432.6794936,31.791702,-7.09262
Mozambique,Alcohol use disorders,1156.075213,-18.665695,35.529562
Myanmar,Alcohol use disorders,803.453734,21.913965,95.956223
Namibia,Alcohol use disorders,1873.710285,-22.95764,18.49041
Nepal,Alcohol use disorders,1138.477081,28.394857,84.124008
Netherlands,Alcohol use disorders,1796.303626,52.132633,5.291266
New Zealand,Alcohol use disorders,3244.373528,-40.900557,174.885971
Nicaragua,Alcohol use disorders,2579.112309,12.865416,-85.207229
Niger,Alcohol use disorders,309.5819457,17.607789,8.081666
Nigeria,Alcohol use disorders,383.0195572,9.081999,8.675277
North Korea,Alcohol use disorders,859.2260552,40.339852,127.510093
Norway,Alcohol use disorders,1744.422429,60.472024,8.468946
Oman,Alcohol use disorders,592.3195562,21.512583,55.923255
Pakistan,Alcohol use disorders,1122.451722,30.375321,69.345116
Palestine,Alcohol use disorders,368.9329372,31.952162,35.233154
Panama,Alcohol use disorders,1576.971648,8.537981,-80.782127
Papua New Guinea,Alcohol use disorders,691.4908502,-6.314993,143.95555
Paraguay,Alcohol use disorders,2618.425202,-23.442503,-58.443832
Peru,Alcohol use disorders,799.2116689,-9.189967,-75.015152
Philippines,Alcohol use disorders,760.2708854,12.879721,121.774017
Poland,Alcohol use disorders,3684.647329,51.919438,19.145136
Portugal,Alcohol use disorders,3172.90261,39.399872,-8.224454
Puerto Rico,Alcohol use disorders,1546.812415,18.220833,-66.590149
Qatar,Alcohol use disorders,723.3415775,25.354826,51.183884
Republic of Congo,Alcohol use disorders,1032.276961,-0.228021,15.827659
Republic of Serbia,Alcohol use disorders,2385.380541,44.016521,21.005859
Romania,Alcohol use disorders,2351.120377,45.943161,24.96676
Russia,Alcohol use disorders,3304.280125,61.52401,105.318756
Rwanda,Alcohol use disorders,2451.708182,-1.940278,29.873888
Saudi Arabia,Alcohol use disorders,562.9074651,23.885942,45.079162
Senegal,Alcohol use disorders,395.0321281,14.497401,-14.452362
Sierra Leone,Alcohol use disorders,420.6541314,8.460555,-11.779889
Slovakia,Alcohol use disorders,2763.746831,48.669026,19.699024
Slovenia,Alcohol use disorders,3043.281217,46.151241,14.995463
Solomon Islands,Alcohol use disorders,588.6809309,-9.64571,160.156194
Somalia,Alcohol use disorders,859.966819,5.152149,46.199616
South Africa,Alcohol use disorders,1970.92407,-30.559482,22.937506
South Korea,Alcohol use disorders,2950.837078,35.907757,127.766922
South Sudan,Alcohol use disorders,970.0464455,,
Spain,Alcohol use disorders,1628.899166,40.463667,-3.74922
Sri Lanka,Alcohol use disorders,892.4750915,7.873054,80.771797
Sudan,Alcohol use disorders,354.791266,12.862807,30.217636
Suriname,Alcohol use disorders,1590.278101,3.919305,-56.027783
Sweden,Alcohol use disorders,2335.896827,60.128161,18.643501
Switzerland,Alcohol use disorders,2544.298323,46.818188,8.227512
Syria,Alcohol use disorders,387.1732545,34.802075,38.996815
Taiwan,Alcohol use disorders,693.1518666,23.69781,120.960515
Tajikistan,Alcohol use disorders,2251.543902,38.861034,71.276093
Thailand,Alcohol use disorders,1327.974373,15.870032,100.992541
The Bahamas,Alcohol use disorders,2106.811779,25.03428,-77.39628
Togo,Alcohol use disorders,439.4676014,8.619543,0.824782
Trinidad and Tobago,Alcohol use disorders,1589.495915,10.691803,-61.222503
Tunisia,Alcohol use disorders,432.3678269,33.886917,9.537499
Turkey,Alcohol use disorders,,38.963745,35.243322
Turkmenistan,Alcohol use disorders,2717.707476,38.969719,59.556278
Uganda,Alcohol use disorders,606.882342,1.373333,32.290275
Ukraine,Alcohol use disorders,2900.895776,48.379433,31.16558
United Arab Emirates,Alcohol use disorders,810.0646812,23.424076,53.847818
United Kingdom,Alcohol use disorders,3289.930742,55.378051,-3.435973
United Republic of Tanzania,Alcohol use disorders,1078.889582,-6.369028,34.888822
United States of America,Alcohol use disorders,2478.592359,37.09024,-95.712891
Uruguay,Alcohol use disorders,1819.662116,-32.522779,-55.765835
Uzbekistan,Alcohol use disorders,1956.194011,41.377491,64.585262
Vanuatu,Alcohol use disorders,672.7618095,-15.376706,166.959158
Venezuela,Alcohol use disorders,,6.42375,-66.58973
Vietnam,Alcohol use disorders,1406.71103,14.058324,108.277199
Yemen,Alcohol use disorders,346.2719577,15.552727,48.516388
Zambia,Alcohol use disorders,1183.655858,-13.133897,27.849332
Zimbabwe,Alcohol use disorders,1411.464816,-19.015438,29.154857
Afghanistan,Beds,0.59282,33.93911,67.709953
Albania,Beds,25.62127,41.153332,20.168331
Algeria,Beds,11.96342,28.033886,1.659626
Angola,Beds,1.10914,-11.202692,17.873887
Argentina,Beds,43.28412,-38.416097,-63.616672
Armenia,Beds,1.71412,40.069099,45.038189
Australia,Beds,39.35788,-25.274398,133.775136
Austria,Beds,105.23518,47.516231,14.550072
Azerbaijan,Beds,34.52046,40.143105,47.576927
Bangladesh,Beds,2.98447,23.684994,90.356331
Belarus,Beds,60.56439,53.709807,27.953389
Belgium,Beds,186.95174,50.503887,4.469936
Belize,Beds,16.14304,17.189877,-88.49765
Benin,Beds,,9.30769,2.315834
Bhutan,Beds,1.27003,27.514162,90.433601
Bolivia,Beds,,-16.290154,-63.588653
Bosnia and Herzegovina,Beds,37.10449,43.915886,17.679076
Botswana,Beds,17.06502,-22.328474,24.684866
Brazil,Beds,12.32411,-14.235004,-51.92528
Brunei,Beds,11.25635,4.535277,114.727669
Bulgaria,Beds,60.94133,42.733883,25.48583
Burkina Faso,Beds,0.66812,12.238333,-1.561593
Burundi,Beds,1.38245,-3.373056,29.918886
Cambodia,Beds,0.03222,12.565679,104.990963
Cameroon,Beds,,7.369722,12.354722
Canada,Beds,25.58907,56.130366,-106.346771
Central African Republic,Beds,0.52793,6.611111,20.939444
Chad,Beds,0.01428,15.454166,18.732207
Chile,Beds,18.42065,-35.675147,-71.542969
China,Beds,24.28769,35.86166,104.195397
Colombia,Beds,0,4.570868,-74.297333
Costa Rica,Beds,19.40575,9.748917,-83.753428
Croatia,Beds,91.85553,45.1,15.2
Cuba,Beds,85.91422,21.521757,-77.781167
Cyprus,Beds,14.81501,35.126413,33.429859
Czech Republic,Beds,93.27821,49.817492,15.472962
Democratic Republic of the Congo,Beds,,-4.038333,21.758664
Denmark,Beds,51.59356,56.26392,9.501785
Djibouti,Beds,,11.825138,42.590275
Dominican Republic,Beds,0.54139,18.735693,-70.162651
East Timor,Beds,1.93396,-8.874217,125.727539
Ecuador,Beds,0.81143,-1.831239,-78.183406
Egypt,Beds,7.07628,26.820553,30.802498
El Salvador,Beds,5.94062,13.794185,-88.89653
Equatorial Guinea,Beds,19.39783,1.650801,10.267895
Eritrea,Beds,4.53891,15.179384,39.782334
Estonia,Beds,87.62797,58.595272,25.013607
Ethiopia,Beds,0.97524,9.145,40.489673
Fiji,Beds,13.56276,-16.578193,179.414413
Finland,Beds,126.83405,61.92411,25.748151
France,Beds,121.47596,46.227638,2.213749
Gabon,Beds,6.21705,-0.803689,11.609444
Gambia,Beds,,13.443182,-15.310139
Georgia,Beds,39.25068,42.315407,43.356892
Germany,Beds,195.91767,51.165691,10.451526
Ghana,Beds,6.33003,7.946527,-1.023194
Greece,Beds,31.12909,39.074208,21.824312
Greenland,Beds,,71.706936,-42.604303
Guatemala,Beds,2.47347,15.783471,-90.230759
Guinea,Beds,0.51276,9.945587,-9.696645
Guinea Bissau,Beds,2.03329,11.803749,-15.180413
Guyana,Beds,20.8194,4.860416,-58.93018
Haiti,Beds,1.98859,18.971187,-72.285215
Honduras,Beds,1.33916,15.199999,-86.241905
Hungary,Beds,85.67114,47.162494,19.503304
Iceland,Beds,50.87163,64.963051,-19.020835
India,Beds,7.16388,20.593684,78.96288
Indonesia,Beds,,-0.789275,113.921327
Iran,Beds,28.49655,32.427908,53.688046
Iraq,Beds,4.50774,33.223191,43.679291
Ireland,Beds,43.31816,53.41291,-8.24389
Israel,Beds,200.80483,31.046051,34.851612
Italy,Beds,42.56842,41.87194,12.56738
Ivory Coast,Beds,0,7.539989,-5.54708
Jamaica,Beds,29.52714,18.109581,-77.297508
Japan,Beds,262.77172,36.204824,138.252924
Jordan,Beds,7.06386,30.585164,36.238414
Kazakhstan,Beds,,48.019573,66.923684
Kenya,Beds,2.54042,-0.023559,37.906193
Kuwait,Beds,,29.31166,47.481766
Kyrgyzstan,Beds,29.30746,41.20438,74.766098
Laos,Beds,,19.85627,102.495496
Latvia,Beds,102.52612,56.879635,24.603189
Lebanon,Beds,30.59055,33.854721,35.862285
Lesotho,Beds,,-29.609988,28.233608
Liberia,Beds,2.37797,6.428055,-9.429499
Libya,Beds,,26.3351,17.228331
Lithuania,Beds,89.77034,55.169438,23.881275
Luxembourg,Beds,114.33794,49.815273,6.129583
Macedonia,Beds,57.7115,41.608635,21.745275
Madagascar,Beds,1.42362,-18.766947,46.869107
Malawi,Beds,,-13.254308,34.301525
Malaysia,Beds,11.05355,4.210484,101.975766
Mali,Beds,0.31486,17.570692,-3.996166
Mauritania,Beds,0.33474,21.00789,-10.940835
Mexico,Beds,3.34178,23.634501,-102.552784
Moldova,Beds,36.39959,47.411631,28.369885
Mongolia,Beds,21.73419,46.862496,103.846656
Montenegro,Beds,50.78178,42.708678,19.37439
Morocco,Beds,6.22929,31.791702,-7.09262
Mozambique,Beds,2.41694,-18.665695,35.529562
Myanmar,Beds,3.22687,21.913965,95.956223
Namibia,Beds,13.1516,-22.95764,18.49041
Nepal,Beds,1.75878,28.394857,84.124008
Netherlands,Beds,,52.132633,5.291266
New Zealand,Beds,45.03165,-40.900557,174.885971
Nicaragua,Beds,3.61721,12.865416,-85.207229
Niger,Beds,0.52148,17.607789,8.081666
Nigeria,Beds,,9.081999,8.675277
North Korea,Beds,,40.339852,127.510093
Norway,Beds,74.32927,60.472024,8.468946
Oman,Beds,,21.512583,55.923255
Pakistan,Beds,8.73479,30.375321,69.345116
Palestine,Beds,,31.952162,35.233154
Panama,Beds,9.77515,8.537981,-80.782127
Papua New Guinea,Beds,,-6.314993,143.95555
Paraguay,Beds,6.22071,-23.442503,-58.443832
Peru,Beds,3.7735,-9.189967,-75.015152
Philippines,Beds,7.4983,12.879721,121.774017
Poland,Beds,46.04964,51.919438,19.145136
Portugal,Beds,23.87106,39.399872,-8.224454
Puerto Rico,Beds,,18.220833,-66.590149
Qatar,Beds,3.51463,25.354826,51.183884
Republic of Congo,Beds,1.00087,-0.228021,15.827659
Republic of Serbia,Beds,59.73147,44.016521,21.005859
Romania,Beds,137.51332,45.943161,24.96676
Russia,Beds,93.0286,61.52401,105.318756
Rwanda,Beds,3.78346,-1.940278,29.873888
Saudi Arabia,Beds,18.06564,23.885942,45.079162
Senegal,Beds,2.42372,14.497401,-14.452362
Sierra Leone,Beds,3.45446,8.460555,-11.779889
Slovakia,Beds,,48.669026,19.699024
Slovenia,Beds,150.81059,46.151241,14.995463
Solomon Islands,Beds,,-9.64571,160.156194
Somalia,Beds,0.5033,5.152149,46.199616
South Africa,Beds,20.88577,-30.559482,22.937506
South Korea,Beds,110.22329,35.907757,127.766922
South Sudan,Beds,0.10099,,
Spain,Beds,42.45472,40.463667,-3.74922
Sri Lanka,Beds,10.25875,7.873054,80.771797
Sudan,Beds,0.81247,12.862807,30.217636
Suriname,Beds,,3.919305,-56.027783
Sweden,Beds,31.0952,60.128161,18.643501
Switzerland,Beds,163.52617,46.818188,8.227512
Syria,Beds,5.60449,34.802075,38.996815
Taiwan,Beds,,23.69781,120.960515
Tajikistan,Beds,16.84476,38.861034,71.276093
Thailand,Beds,6.84119,15.870032,100.992541
The Bahamas,Beds,100.55889,25.03428,-77.39628
Togo,Beds,2.2921,8.619543,0.824782
Trinidad and Tobago,Beds,60.29004,10.691803,-61.222503
Tunisia,Beds,0.26611,33.886917,9.537499
Turkey,Beds,10.7881,38.963745,35.243322
Turkmenistan,Beds,,38.969719,59.556278
Uganda,Beds,1.33267,1.373333,32.290275
Ukraine,Beds,67.40158,48.379433,31.16558
United Arab Emirates,Beds,3.88888,23.424076,53.847818
United Kingdom,Beds,,55.378051,-3.435973
United Republic of Tanzania,Beds,2.10654,-6.369028,34.888822
United States of America,Beds,29.80316,37.09024,-95.712891
Uruguay,Beds,49.97738,-32.522779,-55.765835
Uzbekistan,Beds,24.98384,41.377491,64.585262
Vanuatu,Beds,1.5117,-15.376706,166.959158
Venezuela,Beds,0,6.42375,-66.58973
Vietnam,Beds,8.29526,14.058324,108.277199
Yemen,Beds,3.80068,15.552727,48.516388
Zambia,Beds,3.44708,-13.133897,27.849332
Zimbabwe,Beds,13.02492,-19.015438,29.154857
Afghanistan,Eating disorders,122.6939233,33.93911,67.709953
Albania,Eating disorders,127.565673,41.153332,20.168331
Algeria,Eating disorders,226.0127116,28.033886,1.659626
Angola,Eating disorders,133.5269136,-11.202692,17.873887
Argentina,Eating disorders,338.3805019,-38.416097,-63.616672
Armenia,Eating disorders,121.7412136,40.069099,45.038189
Australia,Eating disorders,939.1313204,-25.274398,133.775136
Austria,Eating disorders,482.6653789,47.516231,14.550072
Azerbaijan,Eating disorders,155.9329593,40.143105,47.576927
Bangladesh,Eating disorders,127.8864638,23.684994,90.356331
Belarus,Eating disorders,115.4055908,53.709807,27.953389
Belgium,Eating disorders,362.2555651,50.503887,4.469936
Belize,Eating disorders,222.910238,17.189877,-88.49765
Benin,Eating disorders,100.5235138,9.30769,2.315834
Bhutan,Eating disorders,171.7182808,27.514162,90.433601
Bolivia,Eating disorders,250.715687,-16.290154,-63.588653
Bosnia and Herzegovina,Eating disorders,116.8029584,43.915886,17.679076
Botswana,Eating disorders,207.5679005,-22.328474,24.684866
Brazil,Eating disorders,243.3328571,-14.235004,-51.92528
Brunei,Eating disorders,511.8571128,4.535277,114.727669
Bulgaria,Eating disorders,123.6648007,42.733883,25.48583
Burkina Faso,Eating disorders,91.70332136,12.238333,-1.561593
Burundi,Eating disorders,72.84220457,-3.373056,29.918886
Cambodia,Eating disorders,92.96438097,12.565679,104.990963
Cameroon,Eating disorders,120.8901979,7.369722,12.354722
Canada,Eating disorders,362.1675295,56.130366,-106.346771
Central African Republic,Eating disorders,75.33674379,6.611111,20.939444
Chad,Eating disorders,91.61351628,15.454166,18.732207
Chile,Eating disorders,355.7979013,-35.675147,-71.542969
China,Eating disorders,105.1400426,35.86166,104.195397
Colombia,Eating disorders,231.5481027,4.570868,-74.297333
Costa Rica,Eating disorders,252.5068467,9.748917,-83.753428
Croatia,Eating disorders,138.9787813,45.1,15.2
Cuba,Eating disorders,165.516893,21.521757,-77.781167
Cyprus,Eating disorders,408.4197474,35.126413,33.429859
Czech Republic,Eating disorders,155.9096265,49.817492,15.472962
Democratic Republic of the Congo,Eating disorders,78.67705533,-4.038333,21.758664
Denmark,Eating disorders,398.1248437,56.26392,9.501785
Djibouti,Eating disorders,121.3633972,11.825138,42.590275
Dominican Republic,Eating disorders,248.7037462,18.735693,-70.162651
East Timor,Eating disorders,100.0082861,-8.874217,125.727539
Ecuador,Eating disorders,304.4615738,-1.831239,-78.183406
Egypt,Eating disorders,214.6119845,26.820553,30.802498
El Salvador,Eating disorders,214.6203458,13.794185,-88.89653
Equatorial Guinea,Eating disorders,242.0620128,1.650801,10.267895
Eritrea,Eating disorders,98.02509202,15.179384,39.782334
Estonia,Eating disorders,145.6145445,58.595272,25.013607
Ethiopia,Eating disorders,92.55207818,9.145,40.489673
Fiji,Eating disorders,109.3082024,-16.578193,179.414413
Finland,Eating disorders,388.228408,61.92411,25.748151
France,Eating disorders,381.3369452,46.227638,2.213749
Gabon,Eating disorders,201.0614858,-0.803689,11.609444
Gambia,Eating disorders,101.4023209,13.443182,-15.310139
Georgia,Eating disorders,109.9241529,42.315407,43.356892
Germany,Eating disorders,340.0930563,51.165691,10.451526
Ghana,Eating disorders,131.6881295,7.946527,-1.023194
Greece,Eating disorders,335.7026204,39.074208,21.824312
Greenland,Eating disorders,474.0676811,71.706936,-42.604303
Guatemala,Eating disorders,215.5086979,15.783471,-90.230759
Guinea,Eating disorders,93.44998842,9.945587,-9.696645
Guinea Bissau,Eating disorders,96.99320951,11.803749,-15.180413
Guyana,Eating disorders,207.3637703,4.860416,-58.93018
Haiti,Eating disorders,136.2054424,18.971187,-72.285215
Honduras,Eating disorders,188.0773283,15.199999,-86.241905
Hungary,Eating disorders,152.2813686,47.162494,19.503304
Iceland,Eating disorders,418.8256613,64.963051,-19.020835
India,Eating disorders,143.9966276,20.593684,78.96288
Indonesia,Eating disorders,119.9313072,-0.789275,113.921327
Iran,Eating disorders,280.4469167,32.427908,53.688046
Iraq,Eating disorders,239.8909203,33.223191,43.679291
Ireland,Eating disorders,406.645105,53.41291,-8.24389
Israel,Eating disorders,360.2139338,31.046051,34.851612
Italy,Eating disorders,415.7520794,41.87194,12.56738
Ivory Coast,Eating disorders,122.4597982,7.539989,-5.54708
Jamaica,Eating disorders,214.1932084,18.109581,-77.297508
Japan,Eating disorders,282.1744062,36.204824,138.252924
Jordan,Eating disorders,217.4704038,30.585164,36.238414
Kazakhstan,Eating disorders,163.5203889,48.019573,66.923684
Kenya,Eating disorders,119.3237234,-0.023559,37.906193
Kuwait,Eating disorders,435.2622767,29.31166,47.481766
Kyrgyzstan,Eating disorders,99.23461667,41.20438,74.766098
Laos,Eating disorders,112.420577,19.85627,102.495496
Latvia,Eating disorders,132.6100358,56.879635,24.603189
Lebanon,Eating disorders,232.8822517,33.854721,35.862285
Lesotho,Eating disorders,125.9272589,-29.609988,28.233608
Liberia,Eating disorders,83.64052599,6.428055,-9.429499
Libya,Eating disorders,238.315954,26.3351,17.228331
Lithuania,Eating disorders,141.1613716,55.169438,23.881275
Luxembourg,Eating disorders,530.3254269,49.815273,6.129583
Macedonia,Eating disorders,135.6889937,41.608635,21.745275
Madagascar,Eating disorders,92.87407347,-18.766947,46.869107
Malawi,Eating disorders,86.36476579,-13.254308,34.301525
Malaysia,Eating disorders,171.1634909,4.210484,101.975766
Mali,Eating disorders,91.08062554,17.570692,-3.996166
Mauritania,Eating disorders,118.9387123,21.00789,-10.940835
Mexico,Eating disorders,256.3584963,23.634501,-102.552784
Moldova,Eating disorders,101.4345629,47.411631,28.369885
Mongolia,Eating disorders,140.7659824,46.862496,103.846656
Montenegro,Eating disorders,140.2349973,42.708678,19.37439
Morocco,Eating disorders,199.0174497,31.791702,-7.09262
Mozambique,Eating disorders,84.27225029,-18.665695,35.529562
Myanmar,Eating disorders,101.5420422,21.913965,95.956223
Namibia,Eating disorders,176.4578078,-22.95764,18.49041
Nepal,Eating disorders,114.7963662,28.394857,84.124008
Netherlands,Eating disorders,319.2897401,52.132633,5.291266
New Zealand,Eating disorders,510.666286,-40.900557,174.885971
Nicaragua,Eating disorders,186.7050836,12.865416,-85.207229
Niger,Eating disorders,73.39555243,17.607789,8.081666
Nigeria,Eating disorders,131.5214434,9.081999,8.675277
North Korea,Eating disorders,66.01410765,40.339852,127.510093
Norway,Eating disorders,421.8653022,60.472024,8.468946
Oman,Eating disorders,369.626517,21.512583,55.923255
Pakistan,Eating disorders,128.7010852,30.375321,69.345116
Palestine,Eating disorders,174.1351858,31.952162,35.233154
Panama,Eating disorders,287.0273421,8.537981,-80.782127
Papua New Guinea,Eating disorders,88.3915903,-6.314993,143.95555
Paraguay,Eating disorders,242.4834173,-23.442503,-58.443832
Peru,Eating disorders,313.0288806,-9.189967,-75.015152
Philippines,Eating disorders,112.0622316,12.879721,121.774017
Poland,Eating disorders,167.2574788,51.919438,19.145136
Portugal,Eating disorders,336.3568385,39.399872,-8.224454
Puerto Rico,Eating disorders,266.7340243,18.220833,-66.590149
Qatar,Eating disorders,525.5858744,25.354826,51.183884
Republic of Congo,Eating disorders,136.5959436,-0.228021,15.827659
Republic of Serbia,Eating disorders,124.3232766,44.016521,21.005859
Romania,Eating disorders,131.8850576,45.943161,24.96676
Russia,Eating disorders,142.8454727,61.52401,105.318756
Rwanda,Eating disorders,104.0906362,-1.940278,29.873888
Saudi Arabia,Eating disorders,372.9699371,23.885942,45.079162
Senegal,Eating disorders,109.0901252,14.497401,-14.452362
Sierra Leone,Eating disorders,95.17055182,8.460555,-11.779889
Slovakia,Eating disorders,163.672907,48.669026,19.699024
Slovenia,Eating disorders,145.4295344,46.151241,14.995463
Solomon Islands,Eating disorders,73.41906554,-9.64571,160.156194
Somalia,Eating disorders,47.28607568,5.152149,46.199616
South Africa,Eating disorders,184.688173,-30.559482,22.937506
South Korea,Eating disorders,312.4794186,35.907757,127.766922
South Sudan,Eating disorders,146.3806186,,
Spain,Eating disorders,469.1735151,40.463667,-3.74922
Sri Lanka,Eating disorders,117.2378814,7.873054,80.771797
Sudan,Eating disorders,160.44043,12.862807,30.217636
Suriname,Eating disorders,225.0517784,3.919305,-56.027783
Sweden,Eating disorders,431.5761619,60.128161,18.643501
Switzerland,Eating disorders,418.8252075,46.818188,8.227512
Syria,Eating disorders,160.7311036,34.802075,38.996815
Taiwan,Eating disorders,157.5741175,23.69781,120.960515
Tajikistan,Eating disorders,98.23322812,38.861034,71.276093
Thailand,Eating disorders,124.3120159,15.870032,100.992541
The Bahamas,Eating disorders,309.7683589,25.03428,-77.39628
Togo,Eating disorders,94.80586057,8.619543,0.824782
Trinidad and Tobago,Eating disorders,273.5194535,10.691803,-61.222503
Tunisia,Eating disorders,208.0335127,33.886917,9.537499
Turkey,Eating disorders,318.9354087,38.963745,35.243322
Turkmenistan,Eating disorders,160.1656155,38.969719,59.556278
Uganda,Eating disorders,98.3999014,1.373333,32.290275
Ukraine,Eating disorders,106.5238698,48.379433,31.16558
United Arab Emirates,Eating disorders,387.9782098,23.424076,53.847818
United Kingdom,Eating disorders,370.7704001,55.378051,-3.435973
United Republic of Tanzania,Eating disorders,107.3141243,-6.369028,34.888822
United States of America,Eating disorders,378.4648754,37.09024,-95.712891
Uruguay,Eating disorders,331.0063515,-32.522779,-55.765835
Uzbekistan,Eating disorders,127.5980036,41.377491,64.585262
Vanuatu,Eating disorders,82.09412663,-15.376706,166.959158
Venezuela,Eating disorders,213.620192,6.42375,-66.58973
Vietnam,Eating disorders,101.8884165,14.058324,108.277199
Yemen,Eating disorders,133.9193803,15.552727,48.516388
Zambia,Eating disorders,124.0076835,-13.133897,27.849332
Zimbabwe,Eating disorders,105.925685,-19.015438,29.154857
Afghanistan,Facilities,0.02075,33.93911,67.709953
Albania,Facilities,0.992,41.153332,20.168331
Algeria,Facilities,0.16302,28.033886,1.659626
Angola,Facilities,0.02513,-11.202692,17.873887
Argentina,Facilities,3.88089,-38.416097,-63.616672
Armenia,Facilities,1.47414,40.069099,45.038189
Australia,Facilities,2.52945,-25.274398,133.775136
Austria,Facilities,10.87726,47.516231,14.550072
Azerbaijan,Facilities,0.41592,40.143105,47.576927
Bangladesh,Facilities,0.13585,23.684994,90.356331
Belarus,Facilities,0.66415,53.709807,27.953389
Belgium,Facilities,2.1616,50.503887,4.469936
Belize,Facilities,4.73159,17.189877,-88.49765
Benin,Facilities,,9.30769,2.315834
Bhutan,Facilities,3.68307,27.514162,90.433601
Bolivia,Facilities,0.09323,-16.290154,-63.588653
Bosnia and Herzegovina,Facilities,2.0645,43.915886,17.679076
Botswana,Facilities,0.63372,-22.328474,24.684866
Brazil,Facilities,1.94113,-14.235004,-51.92528
Brunei,Facilities,4.31094,4.535277,114.727669
Bulgaria,Facilities,8.49891,42.733883,25.48583
Burkina Faso,Facilities,0.28712,12.238333,-1.561593
Burundi,Facilities,0.04901,-3.373056,29.918886
Cambodia,Facilities,1.14063,12.565679,104.990963
Cameroon,Facilities,,7.369722,12.354722
Canada,Facilities,0.78802,56.130366,-106.346771
Central African Republic,Facilities,0.022,6.611111,20.939444
Chad,Facilities,0.01428,15.454166,18.732207
Chile,Facilities,2.52214,-35.675147,-71.542969
China,Facilities,0.06793,35.86166,104.195397
Colombia,Facilities,2.50266,4.570868,-74.297333
Costa Rica,Facilities,1.95514,9.748917,-83.753428
Croatia,Facilities,4.57979,45.1,15.2
Cuba,Facilities,4.90339,21.521757,-77.781167
Cyprus,Facilities,1.63654,35.126413,33.429859
Czech Republic,Facilities,12.87279,49.817492,15.472962
Democratic Republic of the Congo,Facilities,,-4.038333,21.758664
Denmark,Facilities,,56.26392,9.501785
Djibouti,Facilities,,11.825138,42.590275
Dominican Republic,Facilities,1.84263,18.735693,-70.162651
East Timor,Facilities,6.76886,-8.874217,125.727539
Ecuador,Facilities,3.45013,-1.831239,-78.183406
Egypt,Facilities,0.06077,26.820553,30.802498
El Salvador,Facilities,1.01387,13.794185,-88.89653
Equatorial Guinea,Facilities,0.42539,1.650801,10.267895
Eritrea,Facilities,0.45389,15.179384,39.782334
Estonia,Facilities,36.32798,58.595272,25.013607
Ethiopia,Facilities,0.11615,9.145,40.489673
Fiji,Facilities,3.92312,-16.578193,179.414413
Finland,Facilities,11.32805,61.92411,25.748151
France,Facilities,,46.227638,2.213749
Gabon,Facilities,0.10362,-0.803689,11.609444
Gambia,Facilities,,13.443182,-15.310139
Georgia,Facilities,1.08819,42.315407,43.356892
Germany,Facilities,2.47344,51.165691,10.451526
Ghana,Facilities,3.51668,7.946527,-1.023194
Greece,Facilities,9.19965,39.074208,21.824312
Greenland,Facilities,,71.706936,-42.604303
Guatemala,Facilities,1.45208,15.783471,-90.230759
Guinea,Facilities,0.00827,9.945587,-9.696645
Guinea Bissau,Facilities,0.11296,11.803749,-15.180413
Guyana,Facilities,0.52048,4.860416,-58.93018
Haiti,Facilities,0.15872,18.971187,-72.285215
Honduras,Facilities,0.17856,15.199999,-86.241905
Hungary,Facilities,11.22249,47.162494,19.503304
Iceland,Facilities,7.87299,64.963051,-19.020835
India,Facilities,0.25691,20.593684,78.96288
Indonesia,Facilities,0.12279,-0.789275,113.921327
Iran,Facilities,5.84421,32.427908,53.688046
Iraq,Facilities,1.77486,33.223191,43.679291
Ireland,Facilities,9.6168,53.41291,-8.24389
Israel,Facilities,1.93439,31.046051,34.851612
Italy,Facilities,8.67502,41.87194,12.56738
Ivory Coast,Facilities,0.06058,7.539989,-5.54708
Jamaica,Facilities,9.36651,18.109581,-77.297508
Japan,Facilities,20.11098,36.204824,138.252924
Jordan,Facilities,0.60048,30.585164,36.238414
Kazakhstan,Facilities,,48.019573,66.923684
Kenya,Facilities,0.10162,-0.023559,37.906193
Kuwait,Facilities,,29.31166,47.481766
Kyrgyzstan,Facilities,1.43213,41.20438,74.766098
Laos,Facilities,,19.85627,102.495496
Latvia,Facilities,77.68498,56.879635,24.603189
Lebanon,Facilities,1.14502,33.854721,35.862285
Lesotho,Facilities,,-29.609988,28.233608
Liberia,Facilities,0.71116,6.428055,-9.429499
Libya,Facilities,0.03208,26.3351,17.228331
Lithuania,Facilities,4.74092,55.169438,23.881275
Luxembourg,Facilities,5.64631,49.815273,6.129583
Macedonia,Facilities,0.96186,41.608635,21.745275
Madagascar,Facilities,0.0784,-18.766947,46.869107
Malawi,Facilities,,-13.254308,34.301525
Malaysia,Facilities,3.59989,4.210484,101.975766
Mali,Facilities,0.00572,17.570692,-3.996166
Mauritania,Facilities,0.07173,21.00789,-10.940835
Mexico,Facilities,0.25339,23.634501,-102.552784
Moldova,Facilities,1.3035,47.411631,28.369885
Mongolia,Facilities,0.57106,46.862496,103.846656
Montenegro,Facilities,0.63676,42.708678,19.37439
Morocco,Facilities,0.65224,31.791702,-7.09262
Mozambique,Facilities,0.83539,-18.665695,35.529562
Myanmar,Facilities,0.11831,21.913965,95.956223
Namibia,Facilities,0.20615,-22.95764,18.49041
Nepal,Facilities,0.19542,28.394857,84.124008
Netherlands,Facilities,0.20073,52.132633,5.291266
New Zealand,Facilities,0.60678,-40.900557,174.885971
Nicaragua,Facilities,0.75632,12.865416,-85.207229
Niger,Facilities,1.73671,17.607789,8.081666
Nigeria,Facilities,,9.081999,8.675277
North Korea,Facilities,,40.339852,127.510093
Norway,Facilities,3.25009,60.472024,8.468946
Oman,Facilities,,21.512583,55.923255
Pakistan,Facilities,3.03358,30.375321,69.345116
Palestine,Facilities,,31.952162,35.233154
Panama,Facilities,3.02323,8.537981,-80.782127
Papua New Guinea,Facilities,,-6.314993,143.95555
Paraguay,Facilities,1.58152,-23.442503,-58.443832
Peru,Facilities,0.27091,-9.189967,-75.015152
Philippines,Facilities,0.3549,12.879721,121.774017
Poland,Facilities,4.30939,51.919438,19.145136
Portugal,Facilities,1.80449,39.399872,-8.224454
Puerto Rico,Facilities,,18.220833,-66.590149
Qatar,Facilities,0.61123,25.354826,51.183884
Republic of Congo,Facilities,0.06005,-0.228021,15.827659
Republic of Serbia,Facilities,1.06198,44.016521,21.005859
Romania,Facilities,1.75081,45.943161,24.96676
Russia,Facilities,2.66388,61.52401,105.318756
Rwanda,Facilities,0.81688,-1.940278,29.873888
Saudi Arabia,Facilities,0.6116,23.885942,45.079162
Senegal,Facilities,0.10016,14.497401,-14.452362
Sierra Leone,Facilities,0.02764,8.460555,-11.779889
Slovakia,Facilities,,48.669026,19.699024
Slovenia,Facilities,11.76024,46.151241,14.995463
Solomon Islands,Facilities,,-9.64571,160.156194
Somalia,Facilities,0.01438,5.152149,46.199616
South Africa,Facilities,0.29841,-30.559482,22.937506
South Korea,Facilities,3.09722,35.907757,127.766922
South Sudan,Facilities,0.01684,,
Spain,Facilities,3.25663,40.463667,-3.74922
Sri Lanka,Facilities,1.72348,7.873054,80.771797
Sudan,Facilities,,12.862807,30.217636
Suriname,Facilities,,3.919305,-56.027783
Sweden,Facilities,,60.128161,18.643501
Switzerland,Facilities,3.32942,46.818188,8.227512
Syria,Facilities,2.29517,34.802075,38.996815
Taiwan,Facilities,,23.69781,120.960515
Tajikistan,Facilities,0.32754,38.861034,71.276093
Thailand,Facilities,1.48854,15.870032,100.992541
The Bahamas,Facilities,1.29254,25.03428,-77.39628
Togo,Facilities,0.20224,8.619543,0.824782
Trinidad and Tobago,Facilities,0.80876,10.691803,-61.222503
Tunisia,Facilities,0.00887,33.886917,9.537499
Turkey,Facilities,0.83044,38.963745,35.243322
Turkmenistan,Facilities,,38.969719,59.556278
Uganda,Facilities,0.97646,1.373333,32.290275
Ukraine,Facilities,1.81603,48.379433,31.16558
United Arab Emirates,Facilities,0.62265,23.424076,53.847818
United Kingdom,Facilities,,55.378051,-3.435973
United Republic of Tanzania,Facilities,0.08723,-6.369028,34.888822
United States of America,Facilities,0.91114,37.09024,-95.712891
Uruguay,Facilities,1.63191,-32.522779,-55.765835
Uzbekistan,Facilities,0.22921,41.377491,64.585262
Vanuatu,Facilities,3.40132,-15.376706,166.959158
Venezuela,Facilities,,6.42375,-66.58973
Vietnam,Facilities,0.0684,14.058324,108.277199
Yemen,Facilities,0.12261,15.552727,48.516388
Zambia,Facilities,0.34781,-13.133897,27.849332
Zimbabwe,Facilities,0.16479,-19.015438,29.154857
Afghanistan,Healthcare Professionals,0.62543,33.93911,67.709953
Albania,Healthcare Professionals,10.63847,41.153332,20.168331
Algeria,Healthcare Professionals,,28.033886,1.659626
Angola,Healthcare Professionals,0.9189,-11.202692,17.873887
Argentina,Healthcare Professionals,244.27789,-38.416097,-63.616672
Armenia,Healthcare Professionals,16.147,40.069099,45.038189
Australia,Healthcare Professionals,207.14252,-25.274398,133.775136
Austria,Healthcare Professionals,,47.516231,14.550072
Azerbaijan,Healthcare Professionals,11.44791,40.143105,47.576927
Bangladesh,Healthcare Professionals,1.12716,23.684994,90.356331
Belarus,Healthcare Professionals,19.01796,53.709807,27.953389
Belgium,Healthcare Professionals,173.6455,50.503887,4.469936
Belize,Healthcare Professionals,5.84489,17.189877,-88.49765
Benin,Healthcare Professionals,,9.30769,2.315834
Bhutan,Healthcare Professionals,0.63501,27.514162,90.433601
Bolivia,Healthcare Professionals,1.12824,-16.290154,-63.588653
Bosnia and Herzegovina,Healthcare Professionals,32.29674,43.915886,17.679076
Botswana,Healthcare Professionals,,-22.328474,24.684866
Brazil,Healthcare Professionals,57.08769,-14.235004,-51.92528
Brunei,Healthcare Professionals,21.55471,4.535277,114.727669
Bulgaria,Healthcare Professionals,27.58661,42.733883,25.48583
Burkina Faso,Healthcare Professionals,0.70677,12.238333,-1.561593
Burundi,Healthcare Professionals,0.61768,-3.373056,29.918886
Cambodia,Healthcare Professionals,7.75247,12.565679,104.990963
Cameroon,Healthcare Professionals,,7.369722,12.354722
Canada,Healthcare Professionals,277.47886,56.130366,-106.346771
Central African Republic,Healthcare Professionals,0.066,6.611111,20.939444
Chad,Healthcare Professionals,0.03569,15.454166,18.732207
Chile,Healthcare Professionals,8.85002,-35.675147,-71.542969
China,Healthcare Professionals,7.6224,35.86166,104.195397
Colombia,Healthcare Professionals,1.83501,4.570868,-74.297333
Costa Rica,Healthcare Professionals,228.6052,9.748917,-83.753428
Croatia,Healthcare Professionals,58.61661,45.1,15.2
Cuba,Healthcare Professionals,50.35147,21.521757,-77.781167
Cyprus,Healthcare Professionals,34.97031,35.126413,33.429859
Czech Republic,Healthcare Professionals,46.43635,49.817492,15.472962
Democratic Republic of the Congo,Healthcare Professionals,,-4.038333,21.758664
Denmark,Healthcare Professionals,,56.26392,9.501785
Djibouti,Healthcare Professionals,,11.825138,42.590275
Dominican Republic,Healthcare Professionals,10.17249,18.735693,-70.162651
East Timor,Healthcare Professionals,3.14268,-8.874217,125.727539
Ecuador,Healthcare Professionals,8.1948,-1.831239,-78.183406
Egypt,Healthcare Professionals,7.10187,26.820553,30.802498
El Salvador,Healthcare Professionals,3.26337,13.794185,-88.89653
Equatorial Guinea,Healthcare Professionals,6.29579,1.650801,10.267895
Eritrea,Healthcare Professionals,2.29009,15.179384,39.782334
Estonia,Healthcare Professionals,46.66398,58.595272,25.013607
Ethiopia,Healthcare Professionals,1.16348,9.145,40.489673
Fiji,Healthcare Professionals,2.80222,-16.578193,179.414413
Finland,Healthcare Professionals,187.7976,61.92411,25.748151
France,Healthcare Professionals,167.62752,46.227638,2.213749
Gabon,Healthcare Professionals,1.65788,-0.803689,11.609444
Gambia,Healthcare Professionals,0.50566,13.443182,-15.310139
Georgia,Healthcare Professionals,14.95626,42.315407,43.356892
Germany,Healthcare Professionals,62.75656,51.165691,10.451526
Ghana,Healthcare Professionals,7.85634,7.946527,-1.023194
Greece,Healthcare Professionals,30.79036,39.074208,21.824312
Greenland,Healthcare Professionals,,71.706936,-42.604303
Guatemala,Healthcare Professionals,47.71594,15.783471,-90.230759
Guinea,Healthcare Professionals,0.04135,9.945587,-9.696645
Guinea Bissau,Healthcare Professionals,1.07313,11.803749,-15.180413
Guyana,Healthcare Professionals,0.91085,4.860416,-58.93018
Haiti,Healthcare Professionals,1.24171,18.971187,-72.285215
Honduras,Healthcare Professionals,1.51771,15.199999,-86.241905
Hungary,Healthcare Professionals,47.30209,47.162494,19.503304
Iceland,Healthcare Professionals,,64.963051,-19.020835
India,Healthcare Professionals,1.22172,20.593684,78.96288
Indonesia,Healthcare Professionals,3.00238,-0.789275,113.921327
Iran,Healthcare Professionals,18.14506,32.427908,53.688046
Iraq,Healthcare Professionals,1.76101,33.223191,43.679291
Ireland,Healthcare Professionals,,53.41291,-8.24389
Israel,Healthcare Professionals,97.95962,31.046051,34.851612
Italy,Healthcare Professionals,35.85964,41.87194,12.56738
Ivory Coast,Healthcare Professionals,0.51063,7.539989,-5.54708
Jamaica,Healthcare Professionals,12.25655,18.109581,-77.297508
Japan,Healthcare Professionals,107.03735,36.204824,138.252924
Jordan,Healthcare Professionals,5.90656,30.585164,36.238414
Kazakhstan,Healthcare Professionals,,48.019573,66.923684
Kenya,Healthcare Professionals,0.18418,-0.023559,37.906193
Kuwait,Healthcare Professionals,,29.31166,47.481766
Kyrgyzstan,Healthcare Professionals,9.46227,41.20438,74.766098
Laos,Healthcare Professionals,,19.85627,102.495496
Latvia,Healthcare Professionals,32.82041,56.879635,24.603189
Lebanon,Healthcare Professionals,8.98918,33.854721,35.862285
Lesotho,Healthcare Professionals,,-29.609988,28.233608
Liberia,Healthcare Professionals,7.84511,6.428055,-9.429499
Libya,Healthcare Professionals,,26.3351,17.228331
Lithuania,Healthcare Professionals,84.07442,55.169438,23.881275
Luxembourg,Healthcare Professionals,17.82119,49.815273,6.129583
Macedonia,Healthcare Professionals,18.27532,41.608635,21.745275
Madagascar,Healthcare Professionals,0.4828,-18.766947,46.869107
Malawi,Healthcare Professionals,,-13.254308,34.301525
Malaysia,Healthcare Professionals,8.9151,4.210484,101.975766
Mali,Healthcare Professionals,0.13167,17.570692,-3.996166
Mauritania,Healthcare Professionals,0.43038,21.00789,-10.940835
Mexico,Healthcare Professionals,6.43572,23.634501,-102.552784
Moldova,Healthcare Professionals,20.7822,47.411631,28.369885
Mongolia,Healthcare Professionals,8.43166,46.862496,103.846656
Montenegro,Healthcare Professionals,27.69915,42.708678,19.37439
Morocco,Healthcare Professionals,4.51107,31.791702,-7.09262
Mozambique,Healthcare Professionals,0.4534,-18.665695,35.529562
Myanmar,Healthcare Professionals,0.71751,21.913965,95.956223
Namibia,Healthcare Professionals,2.92717,-22.95764,18.49041
Nepal,Healthcare Professionals,1.43773,28.394857,84.124008
Netherlands,Healthcare Professionals,144.33392,52.132633,5.291266
New Zealand,Healthcare Professionals,103.67248,-40.900557,174.885971
Nicaragua,Healthcare Professionals,6.0506,12.865416,-85.207229
Niger,Healthcare Professionals,0.18624,17.607789,8.081666
Nigeria,Healthcare Professionals,,9.081999,8.675277
North Korea,Healthcare Professionals,,40.339852,127.510093
Norway,Healthcare Professionals,121.56153,60.472024,8.468946
Oman,Healthcare Professionals,5.52406,21.512583,55.923255
Pakistan,Healthcare Professionals,,30.375321,69.345116
Palestine,Healthcare Professionals,,31.952162,35.233154
Panama,Healthcare Professionals,24.03477,8.537981,-80.782127
Papua New Guinea,Healthcare Professionals,,-6.314993,143.95555
Paraguay,Healthcare Professionals,,-23.442503,-58.443832
Peru,Healthcare Professionals,18.45001,-9.189967,-75.015152
Philippines,Healthcare Professionals,1.40292,12.879721,121.774017
Poland,Healthcare Professionals,71.43823,51.919438,19.145136
Portugal,Healthcare Professionals,,39.399872,-8.224454
Puerto Rico,Healthcare Professionals,,18.220833,-66.590149
Qatar,Healthcare Professionals,14.1731,25.354826,51.183884
Republic of Congo,Healthcare Professionals,0.62055,-0.228021,15.827659
Republic of Serbia,Healthcare Professionals,26.7306,44.016521,21.005859
Romania,Healthcare Professionals,26.35759,45.943161,24.96676
Russia,Healthcare Professionals,15.5211,61.52401,105.318756
Rwanda,Healthcare Professionals,1.99493,-1.940278,29.873888
Saudi Arabia,Healthcare Professionals,17.97057,23.885942,45.079162
Senegal,Healthcare Professionals,0.55419,14.497401,-14.452362
Sierra Leone,Healthcare Professionals,0.42836,8.460555,-11.779889
Slovakia,Healthcare Professionals,,48.669026,19.699024
Slovenia,Healthcare Professionals,59.95794,46.151241,14.995463
Solomon Islands,Healthcare Professionals,,-9.64571,160.156194
Somalia,Healthcare Professionals,,5.152149,46.199616
South Africa,Healthcare Professionals,1.52104,-30.559482,22.937506
South Korea,Healthcare Professionals,29.45033,35.907757,127.766922
South Sudan,Healthcare Professionals,0.30298,,
Spain,Healthcare Professionals,12.68167,40.463667,-3.74922
Sri Lanka,Healthcare Professionals,4.32557,7.873054,80.771797
Sudan,Healthcare Professionals,0.63134,12.862807,30.217636
Suriname,Healthcare Professionals,18.79944,3.919305,-56.027783
Sweden,Healthcare Professionals,71.42883,60.128161,18.643501
Switzerland,Healthcare Professionals,220.75132,46.818188,8.227512
Syria,Healthcare Professionals,3.30397,34.802075,38.996815
Taiwan,Healthcare Professionals,,23.69781,120.960515
Tajikistan,Healthcare Professionals,2.88934,38.861034,71.276093
Thailand,Healthcare Professionals,10.72423,15.870032,100.992541
The Bahamas,Healthcare Professionals,,25.03428,-77.39628
Togo,Healthcare Professionals,0.78201,8.619543,0.824782
Trinidad and Tobago,Healthcare Professionals,,10.691803,-61.222503
Tunisia,Healthcare Professionals,0.20402,33.886917,9.537499
Turkey,Healthcare Professionals,156.06835,38.963745,35.243322
Turkmenistan,Healthcare Professionals,,38.969719,59.556278
Uganda,Healthcare Professionals,2.3988,1.373333,32.290275
Ukraine,Healthcare Professionals,6.9305,48.379433,31.16558
United Arab Emirates,Healthcare Professionals,7.14419,23.424076,53.847818
United Kingdom,Healthcare Professionals,,55.378051,-3.435973
United Republic of Tanzania,Healthcare Professionals,0.49184,-6.369028,34.888822
United States of America,Healthcare Professionals,105.02668,37.09024,-95.712891
Uruguay,Healthcare Professionals,14.13355,-32.522779,-55.765835
Uzbekistan,Healthcare Professionals,11.91567,41.377491,64.585262
Vanuatu,Healthcare Professionals,6.04679,-15.376706,166.959158
Venezuela,Healthcare Professionals,,6.42375,-66.58973
Vietnam,Healthcare Professionals,,14.058324,108.277199
Yemen,Healthcare Professionals,0.98826,15.552727,48.516388
Zambia,Healthcare Professionals,1.5341,-13.133897,27.849332
Zimbabwe,Healthcare Professionals,4.27192,-19.015438,29.154857
Afghanistan,Mental health disorders,15365.00629,33.93911,67.709953
Albania,Mental health disorders,11621.24752,41.153332,20.168331
Algeria,Mental health disorders,14075.0317,28.033886,1.659626
Angola,Mental health disorders,10871.44586,-11.202692,17.873887
Argentina,Mental health disorders,13001.42566,-38.416097,-63.616672
Armenia,Mental health disorders,11330.03468,40.069099,45.038189
Australia,Mental health disorders,17635.19662,-25.274398,133.775136
Austria,Mental health disorders,15075.18388,47.516231,14.550072
Azerbaijan,Mental health disorders,10177.92293,40.143105,47.576927
Bangladesh,Mental health disorders,11496.07099,23.684994,90.356331
Belarus,Mental health disorders,12770.36093,53.709807,27.953389
Belgium,Mental health disorders,14213.94527,50.503887,4.469936
Belize,Mental health disorders,14003.75359,17.189877,-88.49765
Benin,Mental health disorders,9852.891822,9.30769,2.315834
Bhutan,Mental health disorders,11777.98787,27.514162,90.433601
Bolivia,Mental health disorders,,-16.290154,-63.588653
Bosnia and Herzegovina,Mental health disorders,11939.20437,43.915886,17.679076
Botswana,Mental health disorders,11141.28306,-22.328474,24.684866
Brazil,Mental health disorders,16806.34477,-14.235004,-51.92528
Brunei,Mental health disorders,10089.90879,4.535277,114.727669
Bulgaria,Mental health disorders,11630.51572,42.733883,25.48583
Burkina Faso,Mental health disorders,9789.713501,12.238333,-1.561593
Burundi,Mental health disorders,11026.16825,-3.373056,29.918886
Cambodia,Mental health disorders,11828.94827,12.565679,104.990963
Cameroon,Mental health disorders,10242.09857,7.369722,12.354722
Canada,Mental health disorders,13799.02403,56.130366,-106.346771
Central African Republic,Mental health disorders,12874.8086,6.611111,20.939444
Chad,Mental health disorders,9935.22409,15.454166,18.732207
Chile,Mental health disorders,14750.02502,-35.675147,-71.542969
China,Mental health disorders,11260.42443,35.86166,104.195397
Colombia,Mental health disorders,11794.9625,4.570868,-74.297333
Costa Rica,Mental health disorders,12795.89076,9.748917,-83.753428
Croatia,Mental health disorders,12208.68881,45.1,15.2
Cuba,Mental health disorders,15292.73645,21.521757,-77.781167
Cyprus,Mental health disorders,15285.58084,35.126413,33.429859
Czech Republic,Mental health disorders,11376.98833,49.817492,15.472962
Democratic Republic of the Congo,Mental health disorders,11905.11686,-4.038333,21.758664
Denmark,Mental health disorders,13589.97996,56.26392,9.501785
Djibouti,Mental health disorders,10811.64521,11.825138,42.590275
Dominican Republic,Mental health disorders,14449.37594,18.735693,-70.162651
East Timor,Mental health disorders,10220.53776,-8.874217,125.727539
Ecuador,Mental health disorders,13924.70925,-1.831239,-78.183406
Egypt,Mental health disorders,13788.72769,26.820553,30.802498
El Salvador,Mental health disorders,12700.30995,13.794185,-88.89653
Equatorial Guinea,Mental health disorders,11517.86339,1.650801,10.267895
Eritrea,Mental health disorders,11214.673,15.179384,39.782334
Estonia,Mental health disorders,12608.90507,58.595272,25.013607
Ethiopia,Mental health disorders,10593.33797,9.145,40.489673
Fiji,Mental health disorders,11110.41868,-16.578193,179.414413
Finland,Mental health disorders,14101.34308,61.92411,25.748151
France,Mental health disorders,15755.93764,46.227638,2.213749
Gabon,Mental health disorders,12276.80152,-0.803689,11.609444
Gambia,Mental health disorders,11121.81348,13.443182,-15.310139
Georgia,Mental health disorders,11152.77464,42.315407,43.356892
Germany,Mental health disorders,14849.98713,51.165691,10.451526
Ghana,Mental health disorders,10356.07656,7.946527,-1.023194
Greece,Mental health disorders,16856.44827,39.074208,21.824312
Greenland,Mental health disorders,16699.34416,71.706936,-42.604303
Guatemala,Mental health disorders,12300.17572,15.783471,-90.230759
Guinea,Mental health disorders,10025.44088,9.945587,-9.696645
Guinea Bissau,Mental health disorders,,11.803749,-15.180413
Guyana,Mental health disorders,15589.16355,4.860416,-58.93018
Haiti,Mental health disorders,14545.40033,18.971187,-72.285215
Honduras,Mental health disorders,11821.70244,15.199999,-86.241905
Hungary,Mental health disorders,11766.38382,47.162494,19.503304
Iceland,Mental health disorders,13779.24953,64.963051,-19.020835
India,Mental health disorders,13515.69477,20.593684,78.96288
Indonesia,Mental health disorders,10612.51697,-0.789275,113.921327
Iran,Mental health disorders,18638.61919,32.427908,53.688046
Iraq,Mental health disorders,14164.79178,33.223191,43.679291
Ireland,Mental health disorders,16477.89692,53.41291,-8.24389
Israel,Mental health disorders,13322.4746,31.046051,34.851612
Italy,Mental health disorders,15031.25249,41.87194,12.56738
Ivory Coast,Mental health disorders,9761.952682,7.539989,-5.54708
Jamaica,Mental health disorders,14044.41679,18.109581,-77.297508
Japan,Mental health disorders,9915.331661,36.204824,138.252924
Jordan,Mental health disorders,14222.3499,30.585164,36.238414
Kazakhstan,Mental health disorders,9969.932322,48.019573,66.923684
Kenya,Mental health disorders,10822.80952,-0.023559,37.906193
Kuwait,Mental health disorders,14267.3628,29.31166,47.481766
Kyrgyzstan,Mental health disorders,10320.68905,41.20438,74.766098
Laos,Mental health disorders,11339.42167,19.85627,102.495496
Latvia,Mental health disorders,13045.18427,56.879635,24.603189
Lebanon,Mental health disorders,15606.72047,33.854721,35.862285
Lesotho,Mental health disorders,12293.07127,-29.609988,28.233608
Liberia,Mental health disorders,11348.02051,6.428055,-9.429499
Libya,Mental health disorders,15747.49947,26.3351,17.228331
Lithuania,Mental health disorders,13804.82791,55.169438,23.881275
Luxembourg,Mental health disorders,14319.76611,49.815273,6.129583
Macedonia,Mental health disorders,11555.33629,41.608635,21.745275
Madagascar,Mental health disorders,11208.02373,-18.766947,46.869107
Malawi,Mental health disorders,10792.01318,-13.254308,34.301525
Malaysia,Mental health disorders,11869.66258,4.210484,101.975766
Mali,Mental health disorders,,17.570692,-3.996166
Mauritania,Mental health disorders,9373.904051,21.00789,-10.940835
Mexico,Mental health disorders,11825.04916,23.634501,-102.552784
Moldova,Mental health disorders,13163.37063,47.411631,28.369885
Mongolia,Mental health disorders,10428.3708,46.862496,103.846656
Montenegro,Mental health disorders,11778.35941,42.708678,19.37439
Morocco,Mental health disorders,15443.18003,31.791702,-7.09262
Mozambique,Mental health disorders,10950.6232,-18.665695,35.529562
Myanmar,Mental health disorders,10706.56611,21.913965,95.956223
Namibia,Mental health disorders,10092.54111,-22.95764,18.49041
Nepal,Mental health disorders,13003.35808,28.394857,84.124008
Netherlands,Mental health disorders,15927.72803,52.132633,5.291266
New Zealand,Mental health disorders,17089.2477,-40.900557,174.885971
Nicaragua,Mental health disorders,12470.56164,12.865416,-85.207229
Niger,Mental health disorders,9280.181801,17.607789,8.081666
Nigeria,Mental health disorders,9186.642397,9.081999,8.675277
North Korea,Mental health disorders,11779.99134,40.339852,127.510093
Norway,Mental health disorders,15393.77421,60.472024,8.468946
Oman,Mental health disorders,13808.68287,21.512583,55.923255
Pakistan,Mental health disorders,11479.81533,30.375321,69.345116
Palestine,Mental health disorders,16459.99319,31.952162,35.233154
Panama,Mental health disorders,11575.22142,8.537981,-80.782127
Papua New Guinea,Mental health disorders,10984.7203,-6.314993,143.95555
Paraguay,Mental health disorders,15192.17056,-23.442503,-58.443832
Peru,Mental health disorders,13340.64792,-9.189967,-75.015152
Philippines,Mental health disorders,11181.5236,12.879721,121.774017
Poland,Mental health disorders,10621.94768,51.919438,19.145136
Portugal,Mental health disorders,18403.68798,39.399872,-8.224454
Puerto Rico,Mental health disorders,14226.85347,18.220833,-66.590149
Qatar,Mental health disorders,14317.64679,25.354826,51.183884
Republic of Congo,Mental health disorders,11742.84078,-0.228021,15.827659
Republic of Serbia,Mental health disorders,11631.93249,44.016521,21.005859
Romania,Mental health disorders,11422.92138,45.943161,24.96676
Russia,Mental health disorders,11275.07833,61.52401,105.318756
Rwanda,Mental health disorders,11488.93035,-1.940278,29.873888
Saudi Arabia,Mental health disorders,14239.21497,23.885942,45.079162
Senegal,Mental health disorders,9701.714431,14.497401,-14.452362
Sierra Leone,Mental health disorders,10932.54907,8.460555,-11.779889
Slovakia,Mental health disorders,11484.83941,48.669026,19.699024
Slovenia,Mental health disorders,12032.09605,46.151241,14.995463
Solomon Islands,Mental health disorders,11177.86062,-9.64571,160.156194
Somalia,Mental health disorders,12326.39436,5.152149,46.199616
South Africa,Mental health disorders,11715.68078,-30.559482,22.937506
South Korea,Mental health disorders,10689.42904,35.907757,127.766922
South Sudan,Mental health disorders,10943.49377,,
Spain,Mental health disorders,17212.44809,40.463667,-3.74922
Sri Lanka,Mental health disorders,11420.06556,7.873054,80.771797
Sudan,Mental health disorders,14871.05744,12.862807,30.217636
Suriname,Mental health disorders,15220.95416,3.919305,-56.027783
Sweden,Mental health disorders,14748.06664,60.128161,18.643501
Switzerland,Mental health disorders,16342.91592,46.818188,8.227512
Syria,Mental health disorders,15926.76861,34.802075,38.996815
Taiwan,Mental health disorders,11001.77031,23.69781,120.960515
Tajikistan,Mental health disorders,10029.79173,38.861034,71.276093
Thailand,Mental health disorders,12419.6737,15.870032,100.992541
The Bahamas,Mental health disorders,14322.22162,25.03428,-77.39628
Togo,Mental health disorders,10939.43501,8.619543,0.824782
Trinidad and Tobago,Mental health disorders,14495.00837,10.691803,-61.222503
Tunisia,Mental health disorders,15802.59846,33.886917,9.537499
Turkey,Mental health disorders,,38.963745,35.243322
Turkmenistan,Mental health disorders,9720.435488,38.969719,59.556278
Uganda,Mental health disorders,11638.68896,1.373333,32.290275
Ukraine,Mental health disorders,12781.8039,48.379433,31.16558
United Arab Emirates,Mental health disorders,13665.65045,23.424076,53.847818
United Kingdom,Mental health disorders,14463.62293,55.378051,-3.435973
United Republic of Tanzania,Mental health disorders,10513.79856,-6.369028,34.888822
United States of America,Mental health disorders,16151.00196,37.09024,-95.712891
Uruguay,Mental health disorders,13542.00142,-32.522779,-55.765835
Uzbekistan,Mental health disorders,9820.750131,41.377491,64.585262
Vanuatu,Mental health disorders,11082.3826,-15.376706,166.959158
Venezuela,Mental health disorders,,6.42375,-66.58973
Vietnam,Mental health disorders,9569.116281,14.058324,108.277199
Yemen,Mental health disorders,15183.62827,15.552727,48.516388
Zambia,Mental health disorders,10297.45034,-13.133897,27.849332
Zimbabwe,Mental health disorders,9643.584776,-19.015438,29.154857
Afghanistan,Substance use disorders,912.5610968,33.93911,67.709953
Albania,Substance use disorders,2404.889852,41.153332,20.168331
Algeria,Substance use disorders,1134.743821,28.033886,1.659626
Angola,Substance use disorders,1231.70003,-11.202692,17.873887
Argentina,Substance use disorders,3236.652085,-38.416097,-63.616672
Armenia,Substance use disorders,2845.896832,40.069099,45.038189
Australia,Substance use disorders,4892.512595,-25.274398,133.775136
Austria,Substance use disorders,4220.375125,47.516231,14.550072
Azerbaijan,Substance use disorders,3481.830583,40.143105,47.576927
Bangladesh,Substance use disorders,1641.77971,23.684994,90.356331
Belarus,Substance use disorders,4107.493632,53.709807,27.953389
Belgium,Substance use disorders,3688.853099,50.503887,4.469936
Belize,Substance use disorders,2646.090122,17.189877,-88.49765
Benin,Substance use disorders,803.4977361,9.30769,2.315834
Bhutan,Substance use disorders,2933.98888,27.514162,90.433601
Bolivia,Substance use disorders,1924.442052,-16.290154,-63.588653
Bosnia and Herzegovina,Substance use disorders,2767.481354,43.915886,17.679076
Botswana,Substance use disorders,2739.641325,-22.328474,24.684866
Brazil,Substance use disorders,4405.130811,-14.235004,-51.92528
Brunei,Substance use disorders,2470.137786,4.535277,114.727669
Bulgaria,Substance use disorders,2660.597061,42.733883,25.48583
Burkina Faso,Substance use disorders,715.7809324,12.238333,-1.561593
Burundi,Substance use disorders,1411.127336,-3.373056,29.918886
Cambodia,Substance use disorders,1320.112287,12.565679,104.990963
Cameroon,Substance use disorders,977.6415929,7.369722,12.354722
Canada,Substance use disorders,4315.322142,56.130366,-106.346771
Central African Republic,Substance use disorders,1262.640039,6.611111,20.939444
Chad,Substance use disorders,639.4041587,15.454166,18.732207
Chile,Substance use disorders,355.7979013,-35.675147,-71.542969
China,Substance use disorders,2212.943794,35.86166,104.195397
Colombia,Substance use disorders,3343.603157,4.570868,-74.297333
Costa Rica,Substance use disorders,2819.117276,9.748917,-83.753428
Croatia,Substance use disorders,3353.778642,45.1,15.2
Cuba,Substance use disorders,2583.005304,21.521757,-77.781167
Cyprus,Substance use disorders,2856.756202,35.126413,33.429859
Czech Republic,Substance use disorders,3599.001402,49.817492,15.472962
Democratic Republic of the Congo,Substance use disorders,1203.334625,-4.038333,21.758664
Denmark,Substance use disorders,398.1248437,56.26392,9.501785
Djibouti,Substance use disorders,1641.337465,11.825138,42.590275
Dominican Republic,Substance use disorders,2211.11334,18.735693,-70.162651
East Timor,Substance use disorders,1231.784977,-8.874217,125.727539
Ecuador,Substance use disorders,1591.156427,-1.831239,-78.183406
Egypt,Substance use disorders,936.3421092,26.820553,30.802498
El Salvador,Substance use disorders,4009.716868,13.794185,-88.89653
Equatorial Guinea,Substance use disorders,1627.768794,1.650801,10.267895
Eritrea,Substance use disorders,1819.158043,15.179384,39.782334
Estonia,Substance use disorders,3551.954225,58.595272,25.013607
Ethiopia,Substance use disorders,2353.45684,9.145,40.489673
Fiji,Substance use disorders,1397.607382,-16.578193,179.414413
Finland,Substance use disorders,3606.85041,61.92411,25.748151
France,Substance use disorders,3391.53533,46.227638,2.213749
Gabon,Substance use disorders,1722.130212,-0.803689,11.609444
Gambia,Substance use disorders,101.4023209,13.443182,-15.310139
Georgia,Substance use disorders,2922.027705,42.315407,43.356892
Germany,Substance use disorders,3378.143822,51.165691,10.451526
Ghana,Substance use disorders,1122.591294,7.946527,-1.023194
Greece,Substance use disorders,2433.047893,39.074208,21.824312
Greenland,Substance use disorders,5744.396034,71.706936,-42.604303
Guatemala,Substance use disorders,3634.411562,15.783471,-90.230759
Guinea,Substance use disorders,693.7293706,9.945587,-9.696645
Guinea Bissau,Substance use disorders,803.155576,11.803749,-15.180413
Guyana,Substance use disorders,2813.442168,4.860416,-58.93018
Haiti,Substance use disorders,2074.505941,18.971187,-72.285215
Honduras,Substance use disorders,2710.2765,15.199999,-86.241905
Hungary,Substance use disorders,3349.087587,47.162494,19.503304
Iceland,Substance use disorders,3585.927241,64.963051,-19.020835
India,Substance use disorders,1811.16106,20.593684,78.96288
Indonesia,Substance use disorders,1124.640679,-0.789275,113.921327
Iran,Substance use disorders,1421.659289,32.427908,53.688046
Iraq,Substance use disorders,,33.223191,43.679291
Ireland,Substance use disorders,4753.82426,53.41291,-8.24389
Israel,Substance use disorders,1928.101864,31.046051,34.851612
Italy,Substance use disorders,2642.002554,41.87194,12.56738
Ivory Coast,Substance use disorders,873.5493474,7.539989,-5.54708
Jamaica,Substance use disorders,2455.227837,18.109581,-77.297508
Japan,Substance use disorders,1532.439488,36.204824,138.252924
Jordan,Substance use disorders,1068.955158,30.585164,36.238414
Kazakhstan,Substance use disorders,4539.48505,48.019573,66.923684
Kenya,Substance use disorders,1034.087809,-0.023559,37.906193
Kuwait,Substance use disorders,1451.24064,29.31166,47.481766
Kyrgyzstan,Substance use disorders,3458.356533,41.20438,74.766098
Laos,Substance use disorders,1442.020048,19.85627,102.495496
Latvia,Substance use disorders,3749.9588,56.879635,24.603189
Lebanon,Substance use disorders,1401.38132,33.854721,35.862285
Lesotho,Substance use disorders,2725.828653,-29.609988,28.233608
Liberia,Substance use disorders,,6.428055,-9.429499
Libya,Substance use disorders,1692.213064,26.3351,17.228331
Lithuania,Substance use disorders,3320.898998,55.169438,23.881275
Luxembourg,Substance use disorders,4227.132148,49.815273,6.129583
Macedonia,Substance use disorders,2579.640045,41.608635,21.745275
Madagascar,Substance use disorders,1499.23738,-18.766947,46.869107
Malawi,Substance use disorders,1524.449954,-13.254308,34.301525
Malaysia,Substance use disorders,1371.824302,4.210484,101.975766
Mali,Substance use disorders,645.7963998,17.570692,-3.996166
Mauritania,Substance use disorders,810.1651302,21.00789,-10.940835
Mexico,Substance use disorders,2165.180924,23.634501,-102.552784
Moldova,Substance use disorders,3088.27216,47.411631,28.369885
Mongolia,Substance use disorders,5075.015825,46.862496,103.846656
Montenegro,Substance use disorders,2804.194748,42.708678,19.37439
Morocco,Substance use disorders,1130.444792,31.791702,-7.09262
Mozambique,Substance use disorders,1546.00934,-18.665695,35.529562
Myanmar,Substance use disorders,1422.147251,21.913965,95.956223
Namibia,Substance use disorders,2721.257883,-22.95764,18.49041
Nepal,Substance use disorders,1620.555905,28.394857,84.124008
Netherlands,Substance use disorders,2993.794397,52.132633,5.291266
New Zealand,Substance use disorders,5081.266934,-40.900557,174.885971
Nicaragua,Substance use disorders,3073.955508,12.865416,-85.207229
Niger,Substance use disorders,601.6466607,17.607789,8.081666
Nigeria,Substance use disorders,762.1998918,9.081999,8.675277
North Korea,Substance use disorders,1496.97601,40.339852,127.510093
Norway,Substance use disorders,3048.830901,60.472024,8.468946
Oman,Substance use disorders,1432.948487,21.512583,55.923255
Pakistan,Substance use disorders,1653.732664,30.375321,69.345116
Palestine,Substance use disorders,979.1790372,31.952162,35.233154
Panama,Substance use disorders,2382.600385,8.537981,-80.782127
Papua New Guinea,Substance use disorders,1478.967693,-6.314993,143.95555
Paraguay,Substance use disorders,3552.698111,-23.442503,-58.443832
Peru,Substance use disorders,2034.839617,-9.189967,-75.015152
Philippines,Substance use disorders,1415.402969,12.879721,121.774017
Poland,Substance use disorders,4455.438922,51.919438,19.145136
Portugal,Substance use disorders,4036.761945,39.399872,-8.224454
Puerto Rico,Substance use disorders,2670.915792,18.220833,-66.590149
Qatar,Substance use disorders,1853.841473,25.354826,51.183884
Republic of Congo,Substance use disorders,1535.36688,-0.228021,15.827659
Republic of Serbia,Substance use disorders,2854.322619,44.016521,21.005859
Romania,Substance use disorders,2747.684672,45.943161,24.96676
Russia,Substance use disorders,4371.023868,61.52401,105.318756
Rwanda,Substance use disorders,2951.121412,-1.940278,29.873888
Saudi Arabia,Substance use disorders,1466.812435,23.885942,45.079162
Senegal,Substance use disorders,795.4037446,14.497401,-14.452362
Sierra Leone,Substance use disorders,843.0159627,8.460555,-11.779889
Slovakia,Substance use disorders,3503.990621,48.669026,19.699024
Slovenia,Substance use disorders,3743.578341,46.151241,14.995463
Solomon Islands,Substance use disorders,1363.488694,-9.64571,160.156194
Somalia,Substance use disorders,47.28607568,5.152149,46.199616
South Africa,Substance use disorders,3132.409197,-30.559482,22.937506
South Korea,Substance use disorders,3941.724371,35.907757,127.766922
South Sudan,Substance use disorders,1412.762088,,
Spain,Substance use disorders,3343.813785,40.463667,-3.74922
Sri Lanka,Substance use disorders,1567.383351,7.873054,80.771797
Sudan,Substance use disorders,828.1392805,12.862807,30.217636
Suriname,Substance use disorders,2479.702379,3.919305,-56.027783
Sweden,Substance use disorders,3419.814765,60.128161,18.643501
Switzerland,Substance use disorders,4061.731662,46.818188,8.227512
Syria,Substance use disorders,897.6393247,34.802075,38.996815
Taiwan,Substance use disorders,1525.06672,23.69781,120.960515
Tajikistan,Substance use disorders,2747.448307,38.861034,71.276093
Thailand,Substance use disorders,2206.546579,15.870032,100.992541
The Bahamas,Substance use disorders,3353.79934,25.03428,-77.39628
Togo,Substance use disorders,787.0055905,8.619543,0.824782
Trinidad and Tobago,Substance use disorders,2610.963024,10.691803,-61.222503
Tunisia,Substance use disorders,208.0335127,33.886917,9.537499
Turkey,Substance use disorders,1274.492907,38.963745,35.243322
Turkmenistan,Substance use disorders,3334.830739,38.969719,59.556278
Uganda,Substance use disorders,1105.868356,1.373333,32.290275
Ukraine,Substance use disorders,3718.453795,48.379433,31.16558
United Arab Emirates,Substance use disorders,2101.157025,23.424076,53.847818
United Kingdom,Substance use disorders,5281.29452,55.378051,-3.435973
United Republic of Tanzania,Substance use disorders,1536.713982,-6.369028,34.888822
United States of America,Substance use disorders,5961.912947,37.09024,-95.712891
Uruguay,Substance use disorders,3277.700404,-32.522779,-55.765835
Uzbekistan,Substance use disorders,2526.841715,41.377491,64.585262
Vanuatu,Substance use disorders,1338.022879,-15.376706,166.959158
Venezuela,Substance use disorders,2180.547176,6.42375,-66.58973
Vietnam,Substance use disorders,2116.079215,14.058324,108.277199
Yemen,Substance use disorders,763.0766527,15.552727,48.516388
Zambia,Substance use disorders,1607.328958,-13.133897,27.849332
Zimbabwe,Substance use disorders,2043.489022,-19.015438,29.154857